근무일자,기사명,근무형태,노선명,차량번호,순번,근무시간
2026-10-01,강기완,정상,206평일(6대),1228,4순번,오후
2026-10-01,강신철,정상,281평일(9대),1348,5순번,오전
2026-10-01,고승섭,정상,203평일(11대),2212,4순번,오후
2026-10-01,김경철,정상,202평일(16대),2514,6순번,오전
2026-10-01,김경태B,정상,281평일(9대),1346,3순번,오전
2026-10-01,김광철,정상,206평일(6대),1214,3순번,오후
2026-10-01,김길수,정상,202평일(16대),1278,1순번,오후
2026-10-01,김대규,정상,203평일(11대),2269,5순번,오전
2026-10-01,김대용,정상,221평일(8대),1319,5순번,오전
2026-10-01,김덕수,정상,203평일(11대),2269,5순번,오후
2026-10-01,김동근,정상,204평일(3대),1284,2순번,오후
2026-10-01,김동현,정상,206평일(6대),2545,2순번,오후
2026-10-01,김문수,정상,221평일(8대),1317,3순번,오전
2026-10-01,김민섭,정상,203평일(11대),2205,3순번,오후
2026-10-01,김민수,정상,282평일(6대),1337,3순번,오후
2026-10-01,김성한,정상,202평일(16대),2311,14순번,오후
2026-10-01,김시현,정상,206평일(6대),1283,5순번,오전
2026-10-01,김연수,정상,282평일(6대),1338,4순번,오후
2026-10-01,김영강,정상,221평일(8대),1316,2순번,오전
2026-10-01,김영기,정상,203평일(11대),1237,8순번,오후
2026-10-01,김영준,정상,282평일(6대),1336,2순번,오전
2026-10-01,김영태,정상,204평일(3대),1212,3순번,오전
2026-10-01,김용석,정상,203평일(11대),1210,11순번,오후
2026-10-01,김용순,정상,221평일(8대),1315,1순번,오전
2026-10-01,김정훈,정상,281평일(9대),1344,1순번,오전
2026-10-01,김종두,정상,221평일(8대),1314,8순번,오전
2026-10-01,김준영,정상,202평일(16대),1218,11순번,오후
2026-10-01,김진호,정상,202평일(16대),1280,9순번,오전
2026-10-01,김치환,정상,221평일(8대),1316,2순번,오후
2026-10-01,김태규B,정상,202평일(16대),7513,13순번,오전
2026-10-01,김형민,정상,221평일(8대),1313,7순번,오후
2026-10-01,김홍철,정상,281평일(9대),1342,8순번,오후
2026-10-01,나덕만,정상,202평일(16대),7514,12순번,오전
2026-10-01,나병성,정상,205평일(5대),1232,1순번,오후
2026-10-01,남궁기태,정상,206평일(6대),1229,6순번,오전
2026-10-01,남도관,정상,281평일(9대),1349,6순번,오전
2026-10-01,남정수,정상,202평일(16대),7513,13순번,오후
2026-10-01,민병배,정상,205평일(5대),1234,5순번,오전
2026-10-01,박건배,정상,203평일(11대),2259,7순번,오후
2026-10-01,박경해,정상,206평일(6대),1228,4순번,오전
2026-10-01,박광민,정상,281평일(9대),1343,9순번,오전
2026-10-01,박광용,정상,282평일(6대),1337,3순번,오전
2026-10-01,박기정,정상,202평일(16대),1280,9순번,오후
2026-10-01,박세준,정상,203평일(11대),1242,6순번,오전
2026-10-01,박인수,정상,205평일(5대),1234,5순번,오후
2026-10-01,박재영,정상,204평일(3대),1212,3순번,오후
2026-10-01,박재홍,정상,281평일(9대),1341,7순번,오후
2026-10-01,박주홍,정상,205평일(5대),1239,3순번,오후
2026-10-01,박준규,정상,203평일(11대),2259,7순번,오전
2026-10-01,박준서,정상,202평일(16대),1220,7순번,오전
2026-10-01,박형환,정상,202평일(16대),7511,8순번,오후
2026-10-01,박회수,정상,282평일(6대),1340,6순번,오후
2026-10-01,배두용,정상,202평일(16대),7514,12순번,오후
2026-10-01,백승철,정상,206평일(6대),1283,5순번,오후
2026-10-01,백정현,정상,281평일(9대),1349,6순번,오후
2026-10-01,선경호,정상,282평일(6대),1335,1순번,오전
2026-10-01,성민철,정상,203평일(11대),1238,9순번,오전
2026-10-01,손영교,정상,281평일(9대),1344,1순번,오후
2026-10-01,송명진,정상,281평일(9대),1347,4순번,오후
2026-10-01,송성호,정상,221평일(8대),1317,3순번,오후
2026-10-01,신감찬,정상,203평일(11대),1238,9순번,오후
2026-10-01,신무영,정상,281평일(9대),1345,2순번,오전
2026-10-01,신문용,정상,202평일(16대),7516,4순번,오전
2026-10-01,신상부,정상,203평일(11대),1210,11순번,오전
2026-10-01,안병윤,정상,282평일(6대),1335,1순번,오후
2026-10-01,안진영,정상,281평일(9대),1341,7순번,오전
2026-10-01,안춘근,정상,282평일(6대),1336,2순번,오후
2026-10-01,양수모,정상,206평일(6대),1215,1순번,오전
2026-10-01,우철근,정상,202평일(16대),1282,2순번,오전
2026-10-01,원재영,정상,202평일(16대),1282,2순번,오후
2026-10-01,유주현,정상,282평일(6대),1340,6순번,오전
2026-10-01,유현태,정상,202평일(16대),1216,16순번,오전
2026-10-01,윤형준,정상,282평일(6대),1339,5순번,오전
2026-10-01,이두수,정상,202평일(16대),7511,8순번,오전
2026-10-01,이명희,정상,203평일(11대),2526,10순번,오전
2026-10-01,이병환,정상,221평일(8대),1314,8순번,오후
2026-10-01,이상현,정상,202평일(16대),1216,16순번,오후
2026-10-01,이상호,정상,202평일(16대),1213,10순번,오전
2026-10-01,이서진,정상,282평일(6대),1338,4순번,오전
2026-10-01,이석범,정상,203평일(11대),2212,4순번,오전
2026-10-01,이성호,정상,281평일(9대),1346,3순번,오후
2026-10-01,이승용,정상,221평일(8대),1312,6순번,오전
2026-10-01,이신영,정상,221평일(8대),1313,7순번,오전
2026-10-01,이양호,정상,281평일(9대),1342,8순번,오전
2026-10-01,이용식,정상,221평일(8대),1312,6순번,오후
2026-10-01,이용욱,정상,281평일(9대),1345,2순번,오후
2026-10-01,이원준,정상,281평일(9대),1348,5순번,오후
2026-10-01,이유찬,정상,202평일(16대),2311,14순번,오전
2026-10-01,이장현,정상,203평일(11대),1237,8순번,오전
2026-10-01,이재원,정상,202평일(16대),7512,15순번,오후
2026-10-01,이주철,정상,203평일(11대),2230,1순번,오후
2026-10-01,이중호,정상,281평일(9대),1343,9순번,오후
2026-10-01,이창훈,정상,205평일(5대),2237,2순번,오전
2026-10-01,이춘호,정상,206평일(6대),1215,1순번,오후
2026-10-01,이태경,정상,203평일(11대),1233,2순번,오후
2026-10-01,이향철,정상,221평일(8대),1315,1순번,오후
2026-10-01,이효진,정상,204평일(3대),1279,1순번,오전
2026-10-01,임병진,정상,205평일(5대),2260,4순번,오후
2026-10-01,임태완,정상,205평일(5대),2260,4순번,오전
2026-10-01,장대용,정상,202평일(16대),1278,1순번,오전
2026-10-01,장동일,정상,202평일(16대),1256,3순번,오전
2026-10-01,장동혁,정상,203평일(11대),1233,2순번,오전
2026-10-01,장상수,정상,206평일(6대),1214,3순번,오전
2026-10-01,장용민,정상,202평일(16대),1281,5순번,오후
2026-10-01,장준영,정상,202평일(16대),1218,11순번,오전
2026-10-01,장현종,정상,202평일(16대),1256,3순번,오후
2026-10-01,전원배,정상,203평일(11대),2230,1순번,오전
2026-10-01,정민영,정상,205평일(5대),1239,3순번,오전
2026-10-01,정안균,정상,206평일(6대),1229,6순번,오후
2026-10-01,정영진,정상,202평일(16대),1220,7순번,오후
2026-10-01,정윤하,정상,221평일(8대),1319,5순번,오후
2026-10-01,조선민,정상,202평일(16대),1213,10순번,오후
2026-10-01,조원준,정상,203평일(11대),2205,3순번,오전
2026-10-01,조종만,정상,202평일(16대),7516,4순번,오후
2026-10-01,주치만,정상,281평일(9대),1347,4순번,오전
2026-10-01,최규철,정상,202평일(16대),1281,5순번,오전
2026-10-01,최성관,정상,203평일(11대),2526,10순번,오후
2026-10-01,최영길,정상,206평일(6대),2545,2순번,오전
2026-10-01,최이복,정상,221평일(8대),1318,4순번,오전
2026-10-01,최종혁,정상,204평일(3대),1284,2순번,오전
2026-10-01,하금준,정상,205평일(5대),2237,2순번,오후
2026-10-01,한상용,정상,204평일(3대),1279,1순번,오후
2026-10-01,한송민,정상,282평일(6대),1339,5순번,오후
2026-10-01,허기범,정상,202평일(16대),2514,6순번,오후
2026-10-01,홍정기,정상,203평일(11대),1242,6순번,오후
2026-10-01,황종석,정상,202평일(16대),7512,15순번,오전
2026-10-01,황진호,정상,221평일(8대),1318,4순번,오후
2026-10-01,황충현,정상,205평일(5대),1232,1순번,오전
