노선이름,대수,순번,회차,장소1,장소2,장소3,time1,time2,time3,거리,색1,색2,색3
281평일,9,1,1,T2,대우하나,T2,05:00,06:25,07:50,75,red,,
281평일,9,1,2,T2,대우하나,T2,08:50,10:17,11:45,75,,,yellow
281평일,9,1,3,T2,대우하나,T2,12:35,14:05,15:35,75,,,
281평일,9,1,4,T2,대우하나,T2,16:20,17:55,19:30,75,,,
281평일,9,1,5,T2,대우하나,T2,20:05,21:32,23:00,75,,,
281평일,9,2,1,T2,대우하나,T2,05:20,06:47,08:15,75,,,
281평일,9,2,2,T2,대우하나,T2,09:15,10:42,12:10,75,,,yellow
281평일,9,2,3,T2,대우하나,T2,13:00,14:30,16:00,75,,,
281평일,9,2,4,T2,대우하나,T2,16:45,18:20,19:55,75,,,
281평일,9,2,5,T2,대우하나,T2,20:30,22:00,23:25,75,,red,
281평일,9,3,1,T2,대우하나,T2,05:45,07:14,08:43,75,,,
281평일,9,3,2,T2,대우하나,T2,09:43,11:08,12:33,75,,,yellow
281평일,9,3,3,T2,대우하나,T2,13:23,14:53,16:23,75,,,
281평일,9,3,4,T2,대우하나,T2,17:08,18:43,20:18,75,,,
281평일,9,3,5,T2,대우하나,T2,20:53,22:18,,37,,,
281평일,9,4,1,T2,대우하나,T2,06:10,07:39,09:08,75,,,
281평일,9,4,2,T2,대우하나,T2,10:08,11:33,12:58,75,,,yellow
281평일,9,4,3,T2,대우하나,T2,13:48,15:18,16:48,75,,,
281평일,9,4,4,T2,대우하나,T2,17:33,19:08,20:43,75,,,
281평일,9,4,5,T2,대우하나,T2,21:18,22:43,,37,,,
281평일,9,5,1,T2,대우하나,T2,06:35,08:05,09:35,75,,,
281평일,9,5,2,T2,대우하나,T2,10:35,12:00,13:25,75,,,yellow
281평일,9,5,3,T2,대우하나,T2,14:15,15:45,17:15,75,,,
281평일,9,5,4,T2,대우하나,T2,18:00,19:32,21:05,75,,,
281평일,9,5,5,T2,대우하나,T2,21:40,23:05,,37,,,
281평일,9,6,1,T2,대우하나,T2,,05:00,06:20,37,,red,
281평일,9,6,2,T2,대우하나,T2,07:05,08:34,10:03,75,,,
281평일,9,6,3,T2,대우하나,T2,11:03,12:28,13:53,75,,,yellow
281평일,9,6,4,T2,대우하나,T2,14:43,16:13,17:43,75,,,
281평일,9,6,5,T2,대우하나,T2,18:28,19:56,21:25,75,,,
281평일,9,6,6,T2,대우하나,T2,22:00,23:20,,37,red,,
281평일,9,7,1,T2,대우하나,T2,,05:20,06:45,37,,,
281평일,9,7,2,T2,대우하나,T2,07:30,08:59,10:28,75,,,
281평일,9,7,3,T2,대우하나,T2,11:28,12:53,14:18,75,,,yellow
281평일,9,7,4,T2,대우하나,T2,15:08,16:42,18:16,75,,,
281평일,9,7,5,T2,대우하나,T2,19:01,20:28,21:56,75,,,
281평일,9,8,1,T2,대우하나,T2,,05:40,07:05,37,,,
281평일,9,8,2,T2,대우하나,T2,07:50,09:19,10:48,75,,,
281평일,9,8,3,T2,대우하나,T2,11:48,13:13,14:38,75,,,yellow
281평일,9,8,4,T2,대우하나,T2,15:28,17:03,18:38,75,,,
281평일,9,8,5,T2,대우하나,T2,19:23,20:50,22:18,75,,,
281평일,9,9,1,T2,대우하나,T2,,06:00,07:25,37,,,
281평일,9,9,2,T2,대우하나,T2,08:10,09:39,11:08,75,,,
281평일,9,9,3,T2,대우하나,T2,12:08,13:33,14:58,75,,,yellow
281평일,9,9,4,T2,대우하나,T2,15:48,17:23,18:58,75,,,
281평일,9,9,5,T2,대우하나,T2,19:43,21:10,22:38,75,,,
281휴일,7,1,1,T2,대우하나,T2,05:00,06:25,07:50,75,red,,
281휴일,7,1,2,T2,대우하나,T2,08:50,10:22,11:55,75,,,yellow
281휴일,7,1,3,T2,대우하나,T2,12:45,14:17,15:50,75,,,
281휴일,7,1,4,T2,대우하나,T2,16:35,18:02,19:30,75,,,
281휴일,7,1,5,T2,대우하나,T2,20:05,21:30,22:55,75,,,
281휴일,7,2,1,T2,대우하나,T2,05:30,06:55,08:20,75,,,
281휴일,7,2,2,T2,대우하나,T2,09:20,10:52,12:25,75,,,yellow
281휴일,7,2,3,T2,대우하나,T2,13:15,14:47,16:20,75,,,
281휴일,7,2,4,T2,대우하나,T2,17:05,18:32,20:00,75,,,
281휴일,7,2,5,T2,대우하나,T2,20:35,22:00,23:25,75,,red,
281휴일,7,3,1,T2,대우하나,T2,06:00,07:25,08:50,75,,,
281휴일,7,3,2,T2,대우하나,T2,09:50,11:22,12:55,75,,,yellow
281휴일,7,3,3,T2,대우하나,T2,13:45,15:17,16:50,75,,,
281휴일,7,3,4,T2,대우하나,T2,17:35,19:02,20:30,75,,,
281휴일,7,3,5,T2,대우하나,T2,21:05,22:25,,37,,,
281휴일,7,4,1,T2,대우하나,T2,06:30,07:55,09:20,75,,,
281휴일,7,4,2,T2,대우하나,T2,10:20,11:52,13:25,75,,,yellow
281휴일,7,4,3,T2,대우하나,T2,14:15,15:47,17:20,75,,,
281휴일,7,4,4,T2,대우하나,T2,18:05,19:32,21:00,75,,,
281휴일,7,4,5,T2,대우하나,T2,21:35,22:55,,37,,,
281휴일,7,5,1,T2,대우하나,T2,,05:00,06:20,37,,red,
281휴일,7,5,2,T2,대우하나,T2,07:05,08:31,09:58,75,,,
281휴일,7,5,3,T2,대우하나,T2,10:58,12:28,13:58,75,,,yellow
281휴일,7,5,4,T2,대우하나,T2,14:48,16:20,17:53,75,,,
281휴일,7,5,5,T2,대우하나,T2,18:38,20:04,21:30,75,,,
281휴일,7,5,6,T2,대우하나,T2,22:00,23:20,,37,red,,
281휴일,7,6,1,T2,대우하나,T2,,05:30,06:55,37,,,
281휴일,7,6,2,T2,대우하나,T2,07:40,09:06,10:33,75,,,
281휴일,7,6,3,T2,대우하나,T2,11:33,13:03,14:33,75,,,yellow
281휴일,7,6,4,T2,대우하나,T2,15:23,16:55,18:28,75,,,
281휴일,7,6,5,T2,대우하나,T2,19:13,20:39,22:05,75,,,
281휴일,7,7,1,T2,대우하나,T2,,06:00,07:25,37,,,
281휴일,7,7,2,T2,대우하나,T2,08:10,09:36,11:03,75,,,
281휴일,7,7,3,T2,대우하나,T2,12:03,13:33,15:03,75,,,yellow
281휴일,7,7,4,T2,대우하나,T2,15:53,17:25,18:58,75,,,
281휴일,7,7,5,T2,대우하나,T2,19:43,21:08,22:33,75,,,
206평일,6,1,1,차고지,T1,차고지,04:50,06:20,07:49,70,red,,
206평일,6,1,2,차고지,T1,차고지,08:19,09:49,11:18,70,,,
206평일,6,1,3,차고지,T1,차고지,11:48,13:18,14:47,70,,,yellow
206평일,6,1,4,차고지,T1,차고지,15:17,16:47,18:16,70,,,
206평일,6,1,5,차고지,T1,차고지,18:46,20:16,21:45,70,,,
206평일,6,1,6,차고지,T1,차고지,22:15,23:42,,35,,,
206평일,6,2,1,차고지,T1,차고지,05:27,06:57,08:26,70,,,
206평일,6,2,2,차고지,T1,차고지,08:56,10:26,11:55,70,,,
206평일,6,2,3,차고지,T1,차고지,12:25,13:55,15:24,70,,,yellow
206평일,6,2,4,차고지,T1,차고지,15:54,17:24,18:53,70,,,
206평일,6,2,5,차고지,T1,차고지,19:23,20:53,22:22,70,,,
206평일,6,2,6,차고지,T1,차고지,22:50,24:16,,35,red,,
206평일,6,5,1,차고지,T1,차고지,,05:20,06:40,35,,red,
206평일,6,5,2,차고지,T1,차고지,07:09,08:39,10:08,70,,,
206평일,6,5,3,차고지,T1,차고지,10:38,12:08,13:37,70,,,yellow
206평일,6,5,4,차고지,T1,차고지,14:07,15:37,17:06,70,,,
206평일,6,5,5,차고지,T1,차고지,17:36,19:06,20:35,70,,,
206평일,6,5,6,차고지,T1,차고지,21:05,22:31,24:00,70,,,
206평일,6,3,1,차고지,T1,차고지,06:04,07:34,09:03,70,,,
206평일,6,3,2,차고지,T1,차고지,09:33,11:03,12:32,70,,,yellow
206평일,6,3,3,차고지,T1,차고지,13:02,14:32,16:01,70,,,
206평일,6,3,4,차고지,T1,차고지,16:31,18:01,19:30,70,,,
206평일,6,3,5,차고지,T1,차고지,20:00,21:30,22:59,70,,,
206평일,6,6,1,차고지,T1,차고지,,05:49,07:15,35,,,
206평일,6,6,2,차고지,T1,차고지,07:44,09:14,10:43,70,,,
206평일,6,6,3,차고지,T1,차고지,11:13,12:43,14:12,70,,,yellow
206평일,6,6,4,차고지,T1,차고지,14:42,16:12,17:41,70,,,
206평일,6,6,5,차고지,T1,차고지,18:11,19:41,21:10,70,,,
206평일,6,6,6,차고지,T1,차고지,21:40,23:00,24:25,70,,red,
206평일,6,4,1,차고지,T1,차고지,06:42,08:12,09:41,70,,,
206평일,6,4,2,차고지,T1,차고지,10:11,11:41,13:10,70,,,yellow
206평일,6,4,3,차고지,T1,차고지,13:40,15:10,16:39,70,,,
206평일,6,4,4,차고지,T1,차고지,17:09,18:39,20:08,70,,,
206평일,6,4,5,차고지,T1,차고지,20:38,22:08,23:37,70,,,
202평일,16,1,1,T1장기주차장,대우하나,T1장기주차장,05:10,07:05,09:12,100,red,,
202평일,16,1,2,T1장기주차장,대우하나,T1장기주차장,09:55,11:55,13:55,100,,,yellow
202평일,16,1,3,T1장기주차장,대우하나,T1장기주차장,15:16,17:18,19:20,100,,,
202평일,16,1,4,T1장기주차장,대우하나,T1장기주차장,20:00,22:05,24:00,100,,,
202평일,16,2,1,T1장기주차장,대우하나,T1장기주차장,05:27,07:23,09:29,100,,,
202평일,16,2,2,T1장기주차장,대우하나,T1장기주차장,10:12,12:12,14:13,100,,,yellow
202평일,16,2,3,T1장기주차장,대우하나,T1장기주차장,15:32,17:34,19:36,100,,,
202평일,16,2,4,T1장기주차장,대우하나,T1장기주차장,20:25,22:30,24:20,100,,red,
202평일,16,3,1,T1장기주차장,대우하나,T1장기주차장,05:44,07:41,09:46,100,,,
202평일,16,3,2,T1장기주차장,대우하나,T1장기주차장,10:35,12:34,14:31,100,,,yellow
202평일,16,3,3,T1장기주차장,대우하나,T1장기주차장,15:48,17:50,19:52,100,,,
202평일,16,3,4,T1장기주차장,대우하나,T1장기주차장,20:50,22:50,,50,,,
202평일,16,4,1,T1장기주차장,대우하나,T1장기주차장,06:01,08:00,10:03,100,,,
202평일,16,4,2,T1장기주차장,대우하나,T1장기주차장,10:56,12:54,14:49,100,,,yellow
202평일,16,4,3,T1장기주차장,대우하나,T1장기주차장,16:04,18:06,20:08,100,,,
202평일,16,4,4,T1장기주차장,대우하나,T1장기주차장,21:15,23:15,,50,,,
202평일,16,5,1,T1장기주차장,대우하나,T1장기주차장,06:18,08:19,10:20,100,,,
202평일,16,5,2,T1장기주차장,대우하나,T1장기주차장,11:14,13:14,15:14,100,,,yellow
202평일,16,5,3,T1장기주차장,대우하나,T1장기주차장,16:22,18:22,20:22,100,,,
202평일,16,5,4,T1장기주차장,대우하나,T1장기주차장,21:40,23:40,,50,,,
202평일,16,6,1,T1장기주차장,대우하나,T1장기주차장,06:36,08:38,10:37,100,,,
202평일,16,6,2,T1장기주차장,대우하나,T1장기주차장,11:38,13:33,15:29,100,,,yellow
202평일,16,6,3,T1장기주차장,대우하나,T1장기주차장,16:36,18:38,20:40,100,,,
202평일,16,6,4,T1장기주차장,대우하나,T1장기주차장,22:05,24:00,,50,,,
202평일,16,7,1,T1장기주차장,대우하나,T1장기주차장,06:55,08:57,10:54,100,,,
202평일,16,7,2,T1장기주차장,대우하나,T1장기주차장,11:50,13:50,15:46,100,,,yellow
202평일,16,7,3,T1장기주차장,대우하나,T1장기주차장,16:52,18:54,20:56,100,,,
202평일,16,7,4,T1장기주차장,대우하나,T1장기주차장,22:30,24:20,,50,red,,
202평일,16,8,1,,우미린후문,T1장기주차장,,05:00,05:45,24,,red,
202평일,16,8,2,T1장기주차장,대우하나,T1장기주차장,07:14,09:16,11:11,100,,,yellow
202평일,16,8,3,T1장기주차장,대우하나,T1장기주차장,12:11,14:11,16:07,100,,,
202평일,16,8,4,T1장기주차장,대우하나,T1장기주차장,17:08,19:10,21:12,100,,,
202평일,16,9,1,,우미린후문,T1장기주차장,,05:30,06:10,24,,,
202평일,16,9,2,T1장기주차장,대우하나,T1장기주차장,07:32,09:35,11:30,100,,,yellow
202평일,16,9,3,T1장기주차장,대우하나,T1장기주차장,12:32,14:32,16:29,100,,,
202평일,16,9,4,T1장기주차장,대우하나,T1장기주차장,17:24,19:26,21:28,100,,,
202평일,16,10,1,T1장기주차장,대우하나,T1장기주차장,,05:10,07:05,50,,red,
202평일,16,10,2,T1장기주차장,대우하나,T1장기주차장,07:50,09:53,11:50,100,,,yellow
202평일,16,10,3,T1장기주차장,대우하나,T1장기주차장,12:53,14:53,16:51,100,,,
202평일,16,10,4,T1장기주차장,대우하나,T1장기주차장,17:40,19:45,21:47,100,,,
202평일,16,11,1,T1장기주차장,대우하나,T1장기주차장,,05:30,07:25,50,,,
202평일,16,11,2,T1장기주차장,대우하나,T1장기주차장,08:08,10:10,12:09,100,,,yellow
202평일,16,11,3,T1장기주차장,대우하나,T1장기주차장,13:14,15:14,17:13,100,,,
202평일,16,11,4,T1장기주차장,대우하나,T1장기주차장,18:00,20:05,22:05,100,,,
202평일,16,12,1,T1장기주차장,대우하나,T1장기주차장,,04:40,05:10,40,,red,
202평일,16,12,2,T1장기주차장,대우하나,T1장기주차장,,05:50,07:45,50,,,
202평일,16,12,3,T1장기주차장,대우하나,T1장기주차장,08:26,10:27,12:28,100,,,yellow
202평일,16,12,4,T1장기주차장,대우하나,T1장기주차장,13:35,15:35,17:35,100,,,
202평일,16,12,5,T1장기주차장,대우하나,T1장기주차장,18:20,20:25,22:25,100,,,
202평일,16,13,1,[202A],신현여중후문,T1-3층(7번),,04:50,05:20,40,,,
202평일,16,13,2,T1장기주차장,대우하나,T1장기주차장,,06:05,08:05,50,,,
202평일,16,13,3,T1장기주차장,대우하나,T1장기주차장,08:44,10:44,12:46,100,,,yellow
202평일,16,13,4,T1장기주차장,대우하나,T1장기주차장,13:56,15:56,17:57,100,,,
202평일,16,13,5,T1장기주차장,대우하나,T1장기주차장,18:40,20:45,22:45,100,,,
202평일,16,14,1,[202A],신현여중후문,T1-3층(7번),,05:00,05:40,40,,,
202평일,16,14,2,T1장기주차장,대우하나,T1장기주차장,,06:20,08:23,50,,,
202평일,16,14,3,T1장기주차장,대우하나,T1장기주차장,09:02,11:02,13:04,100,,,yellow
202평일,16,14,4,T1장기주차장,대우하나,T1장기주차장,14:17,16:17,18:18,100,,,
202평일,16,14,5,T1장기주차장,대우하나,T1장기주차장,19:00,21:05,23:05,100,,,
202평일,16,15,1,힐스테이트,대우하나,T1장기주차장,05:15,06:35,08:35,80,red,,
202평일,16,15,2,T1장기주차장,대우하나,T1장기주차장,09:20,11:20,13:20,100,,,yellow
202평일,16,15,3,T1장기주차장,대우하나,T1장기주차장,14:35,16:35,18:35,100,,,
202평일,16,15,4,T1장기주차장,대우하나,T1장기주차장,19:20,21:25,23:35,100,,,
202평일,16,16,1,힐스테이트,대우하나,T1장기주차장,05:30,06:50,08:55,80,,,
202평일,16,16,2,T1장기주차장,대우하나,T1장기주차장,09:38,11:38,13:40,100,,,yellow
202평일,16,16,3,T1장기주차장,대우하나,T1장기주차장,14:59,16:59,19:00,100,,,
202평일,16,16,4,T1장기주차장,대우하나,T1장기주차장,19:40,21:45,23:45,100,,,
206휴일,5,1,1,차고지,T1,차고지,04:50,06:19,07:48,70,red,,
206휴일,5,1,2,차고지,T1,차고지,08:18,09:47,11:16,70,,,
206휴일,5,1,3,차고지,T1,차고지,11:46,13:15,14:44,70,,,yellow
206휴일,5,1,4,차고지,T1,차고지,15:14,16:43,18:12,70,,,
206휴일,5,1,5,차고지,T1,차고지,18:42,20:11,21:40,70,,,
206휴일,5,1,6,차고지,T1,차고지,22:10,23:39,,35,,,
206휴일,5,2,1,차고지,T1,차고지,05:31,07:00,08:29,70,,,
206휴일,5,2,2,차고지,T1,차고지,08:59,10:28,11:57,70,,,
206휴일,5,2,3,차고지,T1,차고지,12:27,13:57,15:26,70,,,yellow
206휴일,5,2,4,차고지,T1,차고지,15:55,17:24,18:53,70,,,
206휴일,5,2,5,차고지,T1,차고지,19:23,20:52,22:21,70,,,
206휴일,5,2,6,차고지,T1,차고지,22:50,24:15,,35,red,,
206휴일,5,3,1,차고지,T1,차고지,06:13,07:42,09:11,70,,,
206휴일,5,3,2,차고지,T1,차고지,09:41,11:10,12:39,70,,,yellow
206휴일,5,3,3,차고지,T1,차고지,13:09,14:38,16:07,70,,,
206휴일,5,3,4,차고지,T1,차고지,16:37,18:06,19:35,70,,,
206휴일,5,3,5,차고지,T1,차고지,20:05,21:34,23:03,70,,,
206휴일,5,4,1,차고지,T1,차고지,,05:20,06:40,35,,red,
206휴일,5,4,2,차고지,T1,차고지,07:00,08:29,09:58,70,,,
206휴일,5,4,3,차고지,T1,차고지,10:28,11:57,13:26,70,,,yellow
206휴일,5,4,4,차고지,T1,차고지,13:56,15:25,16:54,70,,,
206휴일,5,4,5,차고지,T1,차고지,17:24,18:53,20:22,70,,,
206휴일,5,4,6,차고지,T1,차고지,20:52,22:21,23:50,70,,,
206휴일,5,5,1,차고지,T1,차고지,,05:45,07:10,35,,,
206휴일,5,5,2,차고지,T1,차고지,07:36,09:05,10:34,70,,,
206휴일,5,5,3,차고지,T1,차고지,11:04,12:33,14:02,70,,,yellow
206휴일,5,5,4,차고지,T1,차고지,14:32,16:01,17:30,70,,,
206휴일,5,5,5,차고지,T1,차고지,18:00,19:29,20:58,70,,,
206휴일,5,5,6,차고지,T1,차고지,21:30,23:00,24:28,70,,red,
202방학,15,1,1,T1장기주차장,대우하나,T1장기주차장,05:10,07:05,09:12,100,red,,
202방학,15,1,2,T1장기주차장,대우하나,T1장기주차장,10:14,12:14,14:14,100,,,yellow
202방학,15,1,3,T1장기주차장,대우하나,T1장기주차장,15:20,17:22,19:24,100,,,
202방학,15,1,4,T1장기주차장,대우하나,T1장기주차장,20:25,22:30,24:20,100,,red,
202방학,15,2,1,T1장기주차장,대우하나,T1장기주차장,05:30,07:26,09:32,100,,,
202방학,15,2,2,T1장기주차장,대우하나,T1장기주차장,10:33,12:33,14:32,100,,,yellow
202방학,15,2,3,T1장기주차장,대우하나,T1장기주차장,15:40,17:42,19:44,100,,,
202방학,15,2,4,T1장기주차장,대우하나,T1장기주차장,20:50,22:50,,50,,,
202방학,15,3,1,T1장기주차장,대우하나,T1장기주차장,05:50,07:47,09:52,100,,,
202방학,15,3,2,T1장기주차장,대우하나,T1장기주차장,10:51,12:51,14:50,100,,,yellow
202방학,15,3,3,T1장기주차장,대우하나,T1장기주차장,16:01,18:03,20:05,100,,,
202방학,15,3,4,T1장기주차장,대우하나,T1장기주차장,21:15,23:15,,50,,,
202방학,15,4,1,T1장기주차장,대우하나,T1장기주차장,06:11,08:10,10:13,100,,,
202방학,15,4,2,T1장기주차장,대우하나,T1장기주차장,11:10,13:09,15:08,100,,,yellow
202방학,15,4,3,T1장기주차장,대우하나,T1장기주차장,16:21,18:21,20:21,100,,,
202방학,15,4,4,T1장기주차장,대우하나,T1장기주차장,21:40,23:40,,50,,,
202방학,15,5,1,T1장기주차장,대우하나,T1장기주차장,06:31,08:32,10:33,100,,,
202방학,15,5,2,T1장기주차장,대우하나,T1장기주차장,11:29,13:28,15:27,100,,,yellow
202방학,15,5,3,T1장기주차장,대우하나,T1장기주차장,16:41,18:41,20:41,100,,,
202방학,15,5,4,T1장기주차장,대우하나,T1장기주차장,22:05,24:05,,50,,,
202방학,15,6,1,T1장기주차장,대우하나,T1장기주차장,06:52,08:54,10:53,100,,,
202방학,15,6,2,T1장기주차장,대우하나,T1장기주차장,11:47,13:46,15:45,100,,,yellow
202방학,15,6,3,T1장기주차장,대우하나,T1장기주차장,17:02,19:04,21:06,100,,,
202방학,15,6,4,T1장기주차장,대우하나,T1장기주차장,22:30,24:30,,50,red,,
202방학,15,7,1,,우미린후문,T1장기주차장,,05:00,05:45,24,,red,
202방학,15,7,2,T1장기주차장,대우하나,T1장기주차장,07:12,09:14,11:11,100,,,yellow
202방학,15,7,3,T1장기주차장,대우하나,T1장기주차장,12:12,14:12,16:08,100,,,
202방학,15,7,4,T1장기주차장,대우하나,T1장기주차장,17:22,19:24,21:26,100,,,
202방학,15,8,1,,우미린후문,T1장기주차장,,05:30,06:10,24,,,
202방학,15,8,2,T1장기주차장,대우하나,T1장기주차장,07:32,09:34,11:29,100,,,yellow
202방학,15,8,3,T1장기주차장,대우하나,T1장기주차장,12:37,14:37,16:33,100,,,
202방학,15,8,4,T1장기주차장,대우하나,T1장기주차장,17:42,19:44,21:46,100,,,
202방학,15,9,1,T1장기주차장,대우하나,T1장기주차장,,05:10,07:05,50,,red,
202방학,15,9,2,T1장기주차장,대우하나,T1장기주차장,07:53,09:56,11:51,100,,,yellow
202방학,15,9,3,T1장기주차장,대우하나,T1장기주차장,12:58,14:58,16:55,100,,,
202방학,15,9,4,T1장기주차장,대우하나,T1장기주차장,18:03,20:08,22:10,100,,,
202방학,15,10,1,T1장기주차장,대우하나,T1장기주차장,,05:30,07:25,50,,,
202방학,15,10,2,T1장기주차장,대우하나,T1장기주차장,08:13,10:16,12:13,100,,,yellow
202방학,15,10,3,T1장기주차장,대우하나,T1장기주차장,13:18,15:18,17:16,100,,,
202방학,15,10,4,T1장기주차장,대우하나,T1장기주차장,18:23,20:28,22:28,100,,,
202방학,15,11,1,[202A],신현여중후문,T1-3층(7번),,04:40,05:10,40,,red,
202방학,15,11,2,T1장기주차장,대우하나,T1장기주차장,,05:50,07:45,50,,,
202방학,15,11,3,T1장기주차장,대우하나,T1장기주차장,08:33,10:35,12:34,100,,,yellow
202방학,15,11,4,T1장기주차장,대우하나,T1장기주차장,13:38,15:38,17:37,100,,,
202방학,15,11,5,T1장기주차장,대우하나,T1장기주차장,18:43,20:48,22:48,100,,,
202방학,15,12,1,[202A],신현여중후문,T1-3층(7번),,04:50,05:20,40,,,
202방학,15,12,2,T1장기주차장,대우하나,T1장기주차장,,06:05,08:05,50,,,
202방학,15,12,3,T1장기주차장,대우하나,T1장기주차장,08:54,10:55,12:56,100,,,yellow
202방학,15,12,4,T1장기주차장,대우하나,T1장기주차장,13:59,15:59,17:59,100,,,
202방학,15,12,5,T1장기주차장,대우하나,T1장기주차장,19:04,21:09,23:09,100,,,
202방학,15,13,1,[202A],신현여중후문,T1-3층(7번),,05:00,05:40,40,,,
202방학,15,13,2,T1장기주차장,대우하나,T1장기주차장,,06:20,08:23,50,,,
202방학,15,13,3,T1장기주차장,대우하나,T1장기주차장,09:14,11:14,13:16,100,,,yellow
202방학,15,13,4,T1장기주차장,대우하나,T1장기주차장,14:19,16:19,18:20,100,,,
202방학,15,13,5,T1장기주차장,대우하나,T1장기주차장,19:24,21:29,23:29,100,,,
202방학,15,14,1,힐스테이트,대우하나,T1장기주차장,05:15,06:35,08:35,80,red,,
202방학,15,14,2,T1장기주차장,대우하나,T1장기주차장,09:34,11:34,13:36,100,,,yellow
202방학,15,14,3,T1장기주차장,대우하나,T1장기주차장,14:39,16:39,18:40,100,,,
202방학,15,14,4,T1장기주차장,대우하나,T1장기주차장,19:44,21:49,23:49,100,,,
202방학,15,15,1,힐스테이트,대우하나,T1장기주차장,05:30,06:50,08:55,80,,,
202방학,15,15,2,T1장기주차장,대우하나,T1장기주차장,09:55,11:55,13:57,100,,,yellow
202방학,15,15,3,T1장기주차장,대우하나,T1장기주차장,15:00,17:02,19:04,100,,,
202방학,15,15,4,T1장기주차장,대우하나,T1장기주차장,20:05,22:10,24:05,100,,,
202휴일,12,1,1,T1장기주차장,대우하나,T1장기주차장,05:10,07:10,09:10,100,red,,
202휴일,12,1,2,T1장기주차장,대우하나,T1장기주차장,10:15,12:15,14:10,100,,,yellow
202휴일,12,1,3,T1장기주차장,대우하나,T1장기주차장,15:10,17:15,19:20,100,,,
202휴일,12,1,4,T1장기주차장,대우하나,T1장기주차장,20:30,22:30,24:20,100,,red,
202휴일,12,2,1,T1장기주차장,대우하나,T1장기주차장,05:40,07:40,09:40,100,,,
202휴일,12,2,2,T1장기주차장,대우하나,T1장기주차장,10:40,12:40,14:35,100,,,yellow
202휴일,12,2,3,T1장기주차장,대우하나,T1장기주차장,15:35,17:40,19:45,100,,,
202휴일,12,2,4,T1장기주차장,대우하나,T1장기주차장,21:10,23:10,,50,,,
202휴일,12,3,1,T1장기주차장,대우하나,T1장기주차장,06:10,08:10,10:10,100,,,
202휴일,12,3,2,T1장기주차장,대우하나,T1장기주차장,11:05,13:05,15:00,100,,,yellow
202휴일,12,3,3,T1장기주차장,대우하나,T1장기주차장,16:00,18:05,20:10,100,,,
202휴일,12,3,4,T1장기주차장,대우하나,T1장기주차장,21:50,23:50,,50,,,
202휴일,12,4,1,T1장기주차장,대우하나,T1장기주차장,06:40,08:40,10:40,100,,,
202휴일,12,4,2,T1장기주차장,대우하나,T1장기주차장,11:40,13:40,15:35,100,,,yellow
202휴일,12,4,3,T1장기주차장,대우하나,T1장기주차장,16:35,18:40,20:45,100,,,
202휴일,12,4,4,T1장기주차장,대우하나,T1장기주차장,22:30,24:20,,50,red,,
202휴일,12,5,1,,우미린후문,T1장기주차장,,05:00,05:40,23,,red,
202휴일,12,5,2,T1장기주차장,대우하나,T1장기주차장,07:10,09:10,11:05,100,,,yellow
202휴일,12,5,3,T1장기주차장,대우하나,T1장기주차장,12:05,14:10,16:05,100,,,
202휴일,12,5,4,T1장기주차장,대우하나,T1장기주차장,17:00,19:05,21:05,100,,,
202휴일,12,6,1,,우미린후문,T1장기주차장,,05:30,06:10,23,,,
202휴일,12,6,2,T1장기주차장,대우하나,T1장기주차장,07:40,09:40,11:35,100,,,yellow
202휴일,12,6,3,T1장기주차장,대우하나,T1장기주차장,12:35,14:40,16:35,100,,,
202휴일,12,6,4,T1장기주차장,대우하나,T1장기주차장,17:25,19:30,21:30,100,,,
202휴일,12,7,1,T1장기주차장,대우하나,T1장기주차장,,05:10,07:05,50,,red,
202휴일,12,7,2,T1장기주차장,대우하나,T1장기주차장,08:05,10:05,12:00,100,,,yellow
202휴일,12,7,3,T1장기주차장,대우하나,T1장기주차장,13:00,15:05,17:05,100,,,
202휴일,12,7,4,T1장기주차장,대우하나,T1장기주차장,17:50,19:55,21:55,100,,,
202휴일,12,8,1,[202A],신현여중후문,T1-3층(7번),,04:40,05:10,40,,red,
202휴일,12,8,2,T1장기주차장,대우하나,T1장기주차장,,05:50,07:50,50,,,
202휴일,12,8,3,T1장기주차장,대우하나,T1장기주차장,08:30,10:30,12:25,100,,,yellow
202휴일,12,8,4,T1장기주차장,대우하나,T1장기주차장,13:25,15:30,17:35,100,,,
202휴일,12,8,5,T1장기주차장,대우하나,T1장기주차장,18:15,20:20,22:20,100,,,
202휴일,12,9,1,[202A],신현여중후문,T1-3층(7번),,04:50,05:20,40,,,
202휴일,12,9,2,T1장기주차장,대우하나,T1장기주차장,,06:00,08:00,50,,,
202휴일,12,9,3,T1장기주차장,대우하나,T1장기주차장,08:50,10:50,12:45,100,,,yellow
202휴일,12,9,4,T1장기주차장,대우하나,T1장기주차장,13:45,15:50,17:55,100,,,
202휴일,12,9,5,T1장기주차장,대우하나,T1장기주차장,18:40,20:45,22:45,100,,,
202휴일,12,10,1,[202A],신현여중후문,T1-3층(7번),,05:00,05:30,40,,,
202휴일,12,10,2,T1장기주차장,대우하나,T1장기주차장,,06:20,08:20,50,,,
202휴일,12,10,3,T1장기주차장,대우하나,T1장기주차장,09:10,11:10,13:05,100,,,yellow
202휴일,12,10,4,T1장기주차장,대우하나,T1장기주차장,14:05,16:10,18:15,100,,,
202휴일,12,10,5,T1장기주차장,대우하나,T1장기주차장,19:05,21:10,23:05,100,,,
202휴일,12,11,1,힐스테이트,대우하나,T1장기주차장,05:15,06:35,08:35,80,red,,
202휴일,12,11,2,T1장기주차장,대우하나,T1장기주차장,09:30,11:30,13:25,100,,,yellow
202휴일,12,11,3,T1장기주차장,대우하나,T1장기주차장,14:25,16:30,18:35,100,,,
202휴일,12,11,4,T1장기주차장,대우하나,T1장기주차장,19:30,21:35,23:30,100,,,
202휴일,12,12,1,힐스테이트,대우하나,T1장기주차장,05:30,06:50,08:50,80,,,
202휴일,12,12,2,T1장기주차장,대우하나,T1장기주차장,09:50,11:50,13:45,100,,,yellow
202휴일,12,12,3,T1장기주차장,대우하나,T1장기주차장,14:45,16:50,18:55,100,,,
202휴일,12,12,4,T1장기주차장,대우하나,T1장기주차장,19:55,22:00,23:55,100,,,
282휴일,5,1,1,우미린후문,석남역,서희스타힐스,05:30,06:30,07:43,72,red,,
282휴일,5,1,2,우미린후문,석남역,서희스타힐스,08:03,09:03,10:16,72,,,blue
282휴일,5,1,3,우미린후문,석남역,서희스타힐스,11:16,12:16,13:29,72,,,yellow
282휴일,5,1,4,우미린후문,석남역,서희스타힐스,14:04,15:04,16:27,72,,,blue
282휴일,5,1,5,우미린후문,석남역,서희스타힐스,17:37,18:37,20:07,72,,,
282휴일,5,1,6,우미린후문,석남역,서희스타힐스,20:27,21:27,22:40,72,,,
282휴일,5,4,1,우미린후문,석남역,서희스타힐스,,05:30,06:38,36,,red,
282휴일,5,4,2,우미린후문,석남역,서희스타힐스,07:00,08:00,09:13,72,,,
282휴일,5,4,3,우미린후문,석남역,서희스타힐스,09:33,10:33,11:46,72,,,blue
282휴일,5,4,4,우미린후문,석남역,서희스타힐스,12:46,13:46,14:59,72,,,yellow
282휴일,5,4,5,우미린후문,석남역,서희스타힐스,15:34,16:34,17:57,72,,,blue
282휴일,5,4,6,우미린후문,석남역,서희스타힐스,19:07,20:07,21:37,72,,,
282휴일,5,4,7,우미린후문,석남역,서희스타힐스,22:00,23:00,,36,,,
282휴일,5,5,1,우미린후문,석남역,서희스타힐스,,06:00,07:08,36,,,
282휴일,5,5,2,우미린후문,석남역,서희스타힐스,07:30,08:30,09:43,72,,,
282휴일,5,5,3,우미린후문,석남역,서희스타힐스,10:03,11:03,12:16,72,,,blue
282휴일,5,5,4,우미린후문,석남역,서희스타힐스,13:16,14:16,15:29,72,,,yellow
282휴일,5,5,5,우미린후문,석남역,서희스타힐스,16:04,17:04,18:27,72,,,blue
282휴일,5,5,6,우미린후문,석남역,서희스타힐스,19:37,20:37,22:07,72,,,
282휴일,5,5,7,우미린후문,석남역,서희스타힐스,22:30,23:30,,36,red,,
282휴일,5,2,1,우미린후문,석남역,서희스타힐스,06:00,07:00,08:13,72,,,
282휴일,5,2,2,우미린후문,석남역,서희스타힐스,08:33,09:33,10:46,72,,,blue
282휴일,5,2,3,우미린후문,석남역,서희스타힐스,11:46,12:46,13:59,72,,,yellow
282휴일,5,2,4,우미린후문,석남역,서희스타힐스,14:34,15:34,16:57,72,,,blue
282휴일,5,2,5,우미린후문,석남역,서희스타힐스,18:07,19:07,20:37,72,,,
282휴일,5,2,6,우미린후문,석남역,서희스타힐스,20:57,21:57,23:10,72,,,
282휴일,5,3,1,우미린후문,석남역,서희스타힐스,06:30,07:30,08:43,72,,,
282휴일,5,3,2,우미린후문,석남역,서희스타힐스,09:03,10:03,11:16,72,,,blue
282휴일,5,3,3,우미린후문,석남역,서희스타힐스,12:16,13:16,14:29,72,,,yellow
282휴일,5,3,4,우미린후문,석남역,서희스타힐스,15:04,16:04,17:27,72,,,blue
282휴일,5,3,5,우미린후문,석남역,서희스타힐스,18:37,19:37,21:07,72,,,
282휴일,5,3,6,우미린후문,석남역,서희스타힐스,21:30,22:30,23:35,72,,red,
205평일,5,1,1,영종아레나,T2,영종아레나,04:50,06:00,07:07,68,red,,
205평일,5,1,2,영종아레나,T2,영종아레나,07:37,08:50,09:55,68,,,
205평일,5,1,3,영종아레나,T2,영종아레나,10:25,11:35,12:40,68,,,yellow
205평일,5,1,4,영종아레나,T2,영종아레나,13:10,14:20,15:25,68,,,
205평일,5,1,5,영종아레나,T2,영종아레나,15:55,17:05,18:10,68,,,
205평일,5,1,6,영종아레나,T2,영종아레나,18:40,19:53,21:00,68,,,
205평일,5,1,7,영종아레나,T2,영종아레나,21:30,22:40,23:45,68,,,
205평일,5,2,1,영종아레나,T2,영종아레나,05:22,06:32,07:40,68,,,
205평일,5,2,2,영종아레나,T2,영종아레나,08:10,09:22,10:27,68,,,
205평일,5,2,3,영종아레나,T2,영종아레나,10:57,12:07,13:12,68,,,yellow
205평일,5,2,4,영종아레나,T2,영종아레나,13:42,14:52,15:57,68,,,
205평일,5,2,5,영종아레나,T2,영종아레나,16:27,17:37,18:45,68,,,
205평일,5,2,6,영종아레나,T2,영종아레나,19:15,20:27,21:32,68,,,
205평일,5,2,7,영종아레나,T2,영종아레나,22:02,23:12,24:17,68,,,
205평일,5,3,1,영종아레나,T2,영종아레나,05:55,07:07,08:15,68,,,
205평일,5,3,2,영종아레나,T2,영종아레나,08:45,09:55,11:00,68,,,
205평일,5,3,3,영종아레나,T2,영종아레나,11:30,12:40,13:45,68,,,yellow
205평일,5,3,4,영종아레나,T2,영종아레나,14:15,15:25,16:30,68,,,
205평일,5,3,5,영종아레나,T2,영종아레나,17:00,18:12,19:20,68,,,
205평일,5,3,6,영종아레나,T2,영종아레나,19:50,21:00,22:05,68,,,
205평일,5,3,7,영종아레나,T2,영종아레나,22:35,23:40,24:40,68,,red,
205평일,5,4,1,영종아레나,T2,영종아레나,06:27,07:40,08:47,68,,,
205평일,5,4,2,영종아레나,T2,영종아레나,09:17,10:27,11:32,68,,,
205평일,5,4,3,영종아레나,T2,영종아레나,12:02,13:12,14:17,68,,,yellow
205평일,5,4,4,영종아레나,T2,영종아레나,14:47,15:57,17:02,68,,,
205평일,5,4,5,영종아레나,T2,영종아레나,17:32,18:45,19:52,68,,,
205평일,5,4,6,영종아레나,T2,영종아레나,20:22,21:32,22:37,68,,,
205평일,5,4,7,영종아레나,T2,영종아레나,23:10,24:15,,34,red,,
205평일,5,5,1,영종아레나,T2,영종아레나,,05:40,06:47,34,,,
205평일,5,5,2,영종아레나,T2,영종아레나,07:02,08:15,09:20,68,,,
205평일,5,5,3,영종아레나,T2,영종아레나,09:50,11:00,12:05,68,,,
205평일,5,5,4,영종아레나,T2,영종아레나,12:35,13:45,14:50,68,,,yellow
205평일,5,5,5,영종아레나,T2,영종아레나,15:20,16:30,17:35,68,,,
205평일,5,5,6,영종아레나,T2,영종아레나,18:05,19:18,20:25,68,,,
205평일,5,5,7,영종아레나,T2,영종아레나,20:55,22:05,23:10,68,,,
205휴일,4,1,1,영종아레나,T2,영종아레나,04:50,06:00,07:05,68,red,,
205휴일,4,1,2,영종아레나,T2,영종아레나,07:35,08:50,09:50,68,,,
205휴일,4,1,3,영종아레나,T2,영종아레나,10:20,11:35,12:35,68,,,yellow
205휴일,4,1,4,영종아레나,T2,영종아레나,13:05,14:20,15:20,68,,,
205휴일,4,1,5,영종아레나,T2,영종아레나,15:50,17:05,18:05,68,,,
205휴일,4,1,6,영종아레나,T2,영종아레나,18:35,19:53,20:50,68,,,
205휴일,4,1,7,영종아레나,T2,영종아레나,21:20,22:40,23:35,68,,,
205휴일,4,2,1,영종아레나,T2,영종아레나,05:31,06:32,07:46,68,,,
205휴일,4,2,2,영종아레나,T2,영종아레나,08:16,09:22,10:31,68,,,
205휴일,4,2,3,영종아레나,T2,영종아레나,11:01,12:07,13:16,68,,,yellow
205휴일,4,2,4,영종아레나,T2,영종아레나,13:46,14:52,16:01,68,,,
205휴일,4,2,5,영종아레나,T2,영종아레나,16:31,17:37,18:46,68,,,
205휴일,4,2,6,영종아레나,T2,영종아레나,19:16,20:27,21:31,68,,,
205휴일,4,2,7,영종아레나,T2,영종아레나,22:01,23:12,24:16,68,,,
205휴일,4,3,1,영종아레나,T2,영종아레나,06:11,07:20,08:26,68,,,
205휴일,4,3,2,영종아레나,T2,영종아레나,08:56,10:05,11:11,68,,,
205휴일,4,3,3,영종아레나,T2,영종아레나,11:41,12:50,13:56,68,,,yellow
205휴일,4,3,4,영종아레나,T2,영종아레나,14:26,15:35,16:41,68,,,
205휴일,4,3,5,영종아레나,T2,영종아레나,17:11,18:20,19:26,68,,,
205휴일,4,3,6,영종아레나,T2,영종아레나,19:56,21:05,22:11,68,,,
205휴일,4,3,7,영종아레나,T2,영종아레나,22:35,23:40,24:40,68,,red,
205휴일,4,4,1,영종아레나,T2,영종아레나,,05:40,06:45,34,,red,
205휴일,4,4,2,영종아레나,T2,영종아레나,07:00,08:09,09:14,68,,,
205휴일,4,4,3,영종아레나,T2,영종아레나,09:44,10:53,11:58,68,,,
205휴일,4,4,4,영종아레나,T2,영종아레나,12:28,13:37,14:42,68,,,yellow
205휴일,4,4,5,영종아레나,T2,영종아레나,15:07,16:16,17:21,68,,,
205휴일,4,4,6,영종아레나,T2,영종아레나,17:51,19:00,20:05,68,,,
205휴일,4,4,7,영종아레나,T2,영종아레나,20:35,21:44,22:50,68,,,
205휴일,4,4,8,영종아레나,T2,영종아레나,23:10,24:15,,34,red,,
282평일,6,4,1,우미린후문,석남역,서희스타힐스,,05:30,06:30,36,,red,
282평일,6,4,2,우미린후문,석남역,서희스타힐스,06:45,07:45,08:57,72,,,
282평일,6,4,3,우미린후문,석남역,서희스타힐스,09:17,10:17,11:29,72,,,blue
282평일,6,4,4,우미린후문,석남역,서희스타힐스,12:29,13:29,14:41,72,,,yellow
282평일,6,4,5,우미린후문,석남역,서희스타힐스,15:16,16:16,17:46,72,,,blue
282평일,6,4,6,우미린후문,석남역,서희스타힐스,18:56,19:56,21:08,72,,,
282평일,6,4,7,우미린후문,석남역,서희스타힐스,21:42,22:42,,36,,,
282평일,6,6,1,우미린후문,석남역,서희스타힐스,,06:14,07:14,36,,,
282평일,6,6,2,우미린후문,석남역,서희스타힐스,07:36,08:36,09:48,72,,,
282평일,6,6,3,우미린후문,석남역,서희스타힐스,10:08,11:08,12:20,72,,,blue
282평일,6,6,4,우미린후문,석남역,서희스타힐스,13:20,14:20,15:32,72,,,yellow
282평일,6,6,5,우미린후문,석남역,서희스타힐스,16:07,17:07,18:37,72,,,blue
282평일,6,6,6,우미린후문,석남역,서희스타힐스,19:47,20:47,21:59,72,,,
282평일,6,6,7,우미린후문,석남역,서희스타힐스,22:30,23:30,,36,red,,
282평일,6,2,1,우미린후문,석남역,서희스타힐스,05:55,06:55,08:07,72,,,
282평일,6,2,2,우미린후문,석남역,서희스타힐스,08:27,09:27,10:39,72,,,blue
282평일,6,2,3,우미린후문,석남역,서희스타힐스,11:39,12:39,13:51,72,,,yellow
282평일,6,2,4,우미린후문,석남역,서희스타힐스,14:26,15:26,16:38,72,,,blue
282평일,6,2,5,우미린후문,석남역,서희스타힐스,17:48,18:48,20:28,72,,,
282평일,6,2,6,우미린후문,석남역,서희스타힐스,20:48,21:48,23:00,72,,,
282평일,6,5,1,우미린후문,석남역,서희스타힐스,,05:52,06:52,36,,,
282평일,6,5,2,우미린후문,석남역,서희스타힐스,07:10,08:10,09:22,72,,,
282평일,6,5,3,우미린후문,석남역,서희스타힐스,09:42,10:42,11:54,72,,,blue
282평일,6,5,4,우미린후문,석남역,서희스타힐스,12:54,13:54,15:06,72,,,yellow
282평일,6,5,5,우미린후문,석남역,서희스타힐스,15:41,16:41,18:11,72,,,blue
282평일,6,5,6,우미린후문,석남역,서희스타힐스,19:21,20:21,21:33,72,,,
282평일,6,5,7,우미린후문,석남역,서희스타힐스,21:53,22:53,,36,,,
282평일,6,1,1,우미린후문,석남역,서희스타힐스,05:30,06:30,07:42,72,red,,
282평일,6,1,2,우미린후문,석남역,서희스타힐스,08:02,09:02,10:14,72,,,blue
282평일,6,1,3,우미린후문,석남역,서희스타힐스,11:14,12:14,13:26,72,,,yellow
282평일,6,1,4,우미린후문,석남역,서희스타힐스,14:01,15:01,16:13,72,,,blue
282평일,6,1,5,우미린후문,석남역,서희스타힐스,17:23,18:23,20:03,72,,,
282평일,6,1,6,우미린후문,석남역,서희스타힐스,20:23,21:23,22:35,72,,,
282평일,6,3,1,우미린후문,석남역,서희스타힐스,06:20,07:20,08:32,72,,,
282평일,6,3,2,우미린후문,석남역,서희스타힐스,08:52,09:52,11:04,72,,,blue
282평일,6,3,3,우미린후문,석남역,서희스타힐스,12:04,13:04,14:16,72,,,yellow
282평일,6,3,4,우미린후문,석남역,서희스타힐스,14:51,15:51,17:21,72,,,blue
282평일,6,3,5,우미린후문,석남역,서희스타힐스,18:31,19:31,20:43,72,,,
282평일,6,3,6,우미린후문,석남역,서희스타힐스,21:30,22:30,23:42,72,,red,
203평일,11,1,1,차고지,T2,차고지,04:40,06:22,08:01,76,red,,
203평일,11,1,2,차고지,T2,차고지,08:31,10:13,11:52,76,,,yellow
203평일,11,1,3,차고지,T2,차고지,12:22,14:04,15:43,76,,,
203평일,11,1,4,차고지,T2,차고지,16:13,17:55,19:34,76,,,
203평일,11,1,5,차고지,T2,차고지,20:04,21:49,23:30,76,,,
203평일,11,2,1,차고지,T2,차고지,05:01,06:43,08:22,76,,,
203평일,11,2,2,차고지,T2,차고지,08:52,10:34,12:13,76,,,yellow
203평일,11,2,3,차고지,T2,차고지,12:41,14:23,16:02,76,,,
203평일,11,2,4,차고지,T2,차고지,16:34,18:16,19:55,76,,,
203평일,11,2,5,차고지,T2,차고지,20:25,22:11,23:53,76,,,
203평일,11,3,1,차고지,T2,차고지,05:22,07:04,08:43,76,,,
203평일,11,3,2,차고지,T2,차고지,09:13,10:55,12:34,76,,,yellow
203평일,11,3,3,차고지,T2,차고지,12:59,14:41,16:20,76,,,
203평일,11,3,4,차고지,T2,차고지,16:55,18:37,20:16,76,,,
203평일,11,3,5,차고지,T2,차고지,20:46,22:40,24:16,76,,red,
203평일,11,4,1,차고지,T2,차고지,05:43,07:25,09:04,76,,,
203평일,11,4,2,차고지,T2,차고지,09:34,11:16,12:55,76,,,yellow
203평일,11,4,3,차고지,T2,차고지,13:18,15:00,16:39,76,,,
203평일,11,4,4,차고지,T2,차고지,17:16,18:58,20:37,76,,,
203평일,11,4,5,차고지,T2,차고지,21:07,22:43,,38,,,
203평일,11,5,1,차고지,T2,차고지,06:04,07:46,09:25,76,,,
203평일,11,5,2,차고지,T2,차고지,09:55,11:37,13:16,76,,,yellow
203평일,11,5,3,차고지,T2,차고지,13:36,15:18,16:57,76,,,
203평일,11,5,4,차고지,T2,차고지,17:37,19:19,20:58,76,,,
203평일,11,5,5,차고지,T2,차고지,21:28,23:04,,38,,,
203평일,11,6,1,차고지,T2,차고지,06:25,08:07,09:46,76,,,
203평일,11,6,2,차고지,T2,차고지,10:16,11:58,13:37,76,,,yellow
203평일,11,6,3,차고지,T2,차고지,13:59,15:41,17:20,76,,,
203평일,11,6,4,차고지,T2,차고지,17:58,19:40,21:19,76,,,
203평일,11,6,5,차고지,T2,차고지,21:49,23:25,,38,,,
203평일,11,7,1,차고지,T2,차고지,06:46,08:28,10:07,76,,,
203평일,11,7,2,차고지,T2,차고지,10:37,12:19,13:58,76,,,yellow
203평일,11,7,3,차고지,T2,차고지,14:22,16:04,17:43,76,,,
203평일,11,7,4,차고지,T2,차고지,18:19,20:01,21:40,76,,,
203평일,11,7,5,차고지,T2,차고지,22:10,23:46,,38,,,
203평일,11,8,1,차고지,T2,차고지,,05:20,06:50,38,,red,
203평일,11,8,2,차고지,T2,차고지,07:07,08:49,10:28,76,,,
203평일,11,8,3,차고지,T2,차고지,10:58,12:40,14:19,76,,,yellow
203평일,11,8,4,차고지,T2,차고지,14:45,16:27,18:06,76,,,
203평일,11,8,5,차고지,T2,차고지,18:40,20:22,22:01,76,,,
203평일,11,8,6,차고지,T2,차고지,22:30,24:06,,38,red,,
203평일,11,9,1,차고지,T2,차고지,,05:36,07:08,38,,,
203평일,11,9,2,차고지,T2,차고지,07:28,09:10,10:49,76,,,
203평일,11,9,3,차고지,T2,차고지,11:19,13:01,14:40,76,,,yellow
203평일,11,9,4,차고지,T2,차고지,15:08,16:50,18:29,76,,,
203평일,11,9,5,차고지,T2,차고지,19:01,20:43,22:22,76,,,
203평일,11,10,1,차고지,T2,차고지,,05:52,07:26,38,,,
203평일,11,10,2,차고지,T2,차고지,07:49,09:31,11:10,76,,,
203평일,11,10,3,차고지,T2,차고지,11:40,13:22,15:01,76,,,yellow
203평일,11,10,4,차고지,T2,차고지,15:31,17:13,18:52,76,,,
203평일,11,10,5,차고지,T2,차고지,19:22,21:05,22:44,76,,,
203평일,11,11,1,서희스타옆문,T2,차고지,04:40,06:08,07:44,58,red,,
203평일,11,11,2,차고지,T2,차고지,08:10,09:52,11:31,76,,,yellow
203평일,11,11,3,차고지,T2,차고지,12:01,13:43,15:22,76,,,
203평일,11,11,4,차고지,T2,차고지,15:52,17:34,19:13,76,,,
203평일,11,11,5,차고지,T2,차고지,19:43,21:25,23:07,76,,,
203방학,10,1,1,차고지,T2,차고지,04:40,06:25,08:02,58,red,,
203방학,10,1,2,차고지,T2,차고지,08:32,10:17,11:54,76,,,yellow
203방학,10,1,3,차고지,T2,차고지,12:25,14:10,15:47,76,,,
203방학,10,1,4,차고지,T2,차고지,16:18,18:03,19:40,76,,,
203방학,10,1,5,차고지,T2,차고지,20:10,21:55,23:32,76,,,
203방학,10,2,1,차고지,T2,차고지,05:03,06:48,08:25,76,,,
203방학,10,2,2,차고지,T2,차고지,08:56,10:41,12:18,76,,,yellow
203방학,10,2,3,차고지,T2,차고지,12:48,14:33,16:10,76,,,
203방학,10,2,4,차고지,T2,차고지,16:41,18:26,20:03,76,,,
203방학,10,2,5,차고지,T2,차고지,20:33,22:18,23:55,76,,red,
203방학,10,3,1,차고지,T2,차고지,05:26,07:11,08:48,76,,,
203방학,10,3,2,차고지,T2,차고지,09:19,11:04,12:41,76,,,
203방학,10,3,3,차고지,T2,차고지,13:11,14:56,16:33,76,,,
203방학,10,3,4,차고지,T2,차고지,17:04,18:49,20:26,76,,,
203방학,10,3,5,차고지,T2,차고지,20:57,22:40,24:19,76,,,
203방학,10,4,1,차고지,T2,차고지,05:49,07:34,09:11,76,,,
203방학,10,4,2,차고지,T2,차고지,09:42,11:27,13:04,76,,,yellow
203방학,10,4,3,차고지,T2,차고지,13:35,15:20,16:57,76,,,
203방학,10,4,4,차고지,T2,차고지,17:27,19:12,20:49,76,,,
203방학,10,4,5,차고지,T2,차고지,21:20,22:56,,38,,,
203방학,10,5,1,차고지,T2,차고지,06:13,07:58,09:35,76,,,
203방학,10,5,2,차고지,T2,차고지,10:05,11:50,13:27,76,,,yellow
203방학,10,5,3,차고지,T2,차고지,13:58,15:43,17:20,76,,,
203방학,10,5,4,차고지,T2,차고지,17:51,19:36,21:13,76,,,
203방학,10,5,5,차고지,T2,차고지,21:43,23:19,,38,,,
203방학,10,6,1,차고지,T2,차고지,06:36,08:21,09:58,76,,,
203방학,10,6,2,차고지,T2,차고지,10:29,12:14,13:51,76,,,yellow
203방학,10,6,3,차고지,T2,차고지,14:21,16:06,17:43,76,,,
203방학,10,6,4,차고지,T2,차고지,18:14,19:59,21:36,76,,,
203방학,10,6,5,차고지,T2,차고지,22:06,23:42,,38,,,
203방학,10,7,1,차고지,T2,차고지,07:00,08:45,10:22,76,,,
203방학,10,7,2,차고지,T2,차고지,10:52,12:37,14:14,76,,,yellow
203방학,10,7,3,차고지,T2,차고지,14:44,16:29,18:06,76,,,
203방학,10,7,4,차고지,T2,차고지,18:37,20:22,21:59,76,,,
203방학,10,7,5,차고지,T2,차고지,22:30,24:06,,38,red,,
203방학,10,8,1,차고지,T2,차고지,,05:20,06:53,38,,red,
203방학,10,8,2,차고지,T2,차고지,07:23,09:08,10:45,76,,,
203방학,10,8,3,차고지,T2,차고지,11:15,13:00,14:37,76,,,yellow
203방학,10,8,4,차고지,T2,차고지,15:08,16:53,18:30,76,,,
203방학,10,8,5,차고지,T2,차고지,19:00,20:45,22:22,76,,,
203방학,10,9,1,차고지,T2,차고지,,05:42,07:16,38,,,
203방학,10,9,2,차고지,T2,차고지,07:46,09:31,11:08,76,,,
203방학,10,9,3,차고지,T2,차고지,11:38,13:23,15:00,76,,,yellow
203방학,10,9,4,차고지,T2,차고지,15:31,17:16,18:53,76,,,
203방학,10,9,5,차고지,T2,차고지,19:24,21:09,22:46,76,,,
203방학,10,10,1,서희스타옆문,T2,차고지,04:40,06:05,07:39,58,red,,
203방학,10,10,2,차고지,T2,차고지,08:09,09:54,11:31,76,,,yellow
203방학,10,10,3,차고지,T2,차고지,12:02,13:47,15:24,76,,,
203방학,10,10,4,차고지,T2,차고지,15:54,17:39,19:16,76,,,
203방학,10,10,5,차고지,T2,차고지,19:47,21:32,23:09,76,,,
203휴일,9,1,1,차고지,T2,차고지,04:40,06:22,08:05,76,red,,
203휴일,9,1,2,차고지,T2,차고지,08:35,10:18,12:00,76,,,yellow
203휴일,9,1,3,차고지,T2,차고지,12:30,14:12,15:55,76,,,
203휴일,9,1,4,차고지,T2,차고지,16:25,18:08,19:50,76,,,
203휴일,9,1,5,차고지,T2,차고지,20:20,22:04,23:40,76,,red,
203휴일,9,2,1,차고지,T2,차고지,05:06,06:48,08:31,76,,,
203휴일,9,2,2,차고지,T2,차고지,09:01,10:44,12:26,76,,,yellow
203휴일,9,2,3,차고지,T2,차고지,12:56,14:38,16:21,76,,,
203휴일,9,2,4,차고지,T2,차고지,16:51,18:34,20:16,76,,,
203휴일,9,2,5,차고지,T2,차고지,20:46,22:40,24:16,76,,red,
203휴일,9,3,1,차고지,T2,차고지,05:32,07:14,08:57,76,,,
203휴일,9,3,2,차고지,T2,차고지,09:27,11:10,12:52,76,,,yellow
203휴일,9,3,3,차고지,T2,차고지,13:22,15:04,16:47,76,,,
203휴일,9,3,4,차고지,T2,차고지,17:17,19:00,20:42,76,,,
203휴일,9,3,5,차고지,T2,차고지,21:12,22:50,,38,,,
203휴일,9,4,1,차고지,T2,차고지,05:58,07:40,09:23,76,,,
203휴일,9,4,2,차고지,T2,차고지,09:53,11:36,13:18,76,,,yellow
203휴일,9,4,3,차고지,T2,차고지,13:48,15:30,17:13,76,,,
203휴일,9,4,4,차고지,T2,차고지,17:43,19:26,21:08,76,,,
203휴일,9,4,5,차고지,T2,차고지,21:38,23:16,,38,,,
203휴일,9,5,1,차고지,T2,차고지,06:24,08:06,09:49,76,,,
203휴일,9,5,2,차고지,T2,차고지,10:19,12:02,13:44,76,,,yellow
203휴일,9,5,3,차고지,T2,차고지,14:14,15:56,17:39,76,,,
203휴일,9,5,4,차고지,T2,차고지,18:09,19:52,21:34,76,,,
203휴일,9,5,5,차고지,T2,차고지,22:04,23:42,,38,,,
203휴일,9,6,1,차고지,T2,차고지,06:50,08:32,10:15,76,,,
203휴일,9,6,2,차고지,T2,차고지,10:45,12:28,14:10,76,,,yellow
203휴일,9,6,3,차고지,T2,차고지,14:40,16:22,18:05,76,,,
203휴일,9,6,4,차고지,T2,차고지,18:35,20:18,22:00,76,,,
203휴일,9,6,5,차고지,T2,차고지,22:30,24:08,,38,red,,
203휴일,9,7,1,차고지,T2,차고지,,05:20,06:50,38,,red,
203휴일,9,7,2,차고지,T2,차고지,07:16,08:58,10:41,76,,,
203휴일,9,7,3,차고지,T2,차고지,11:11,12:54,14:36,76,,,yellow
203휴일,9,7,4,차고지,T2,차고지,15:06,16:48,18:31,76,,,
203휴일,9,7,5,차고지,T2,차고지,19:01,20:44,22:26,76,,,
203휴일,9,8,1,차고지,T2,차고지,,05:42,07:15,38,,,
203휴일,9,8,2,차고지,T2,차고지,07:42,09:24,11:07,76,,,
203휴일,9,8,3,차고지,T2,차고지,11:37,13:20,15:02,76,,,yellow
203휴일,9,8,4,차고지,T2,차고지,15:32,17:14,18:57,76,,,
203휴일,9,8,5,차고지,T2,차고지,19:27,21:10,22:52,76,,,
203휴일,9,9,1,서희스타옆문,T2,차고지,04:40,06:05,07:40,58,red,,
203휴일,9,9,2,차고지,T2,차고지,08:08,09:50,11:33,76,,,yellow
203휴일,9,9,3,차고지,T2,차고지,12:03,13:46,15:28,76,,,
203휴일,9,9,4,차고지,T2,차고지,15:58,17:40,19:23,76,,,
203휴일,9,9,5,차고지,T2,차고지,19:53,21:36,23:18,76,,,
203휴일,8,1,1,차고지,T2,차고지,04:40,06:22,08:04,76,red,,
203휴일,8,1,2,차고지,T2,차고지,08:34,10:16,11:57,76,,,yellow
203휴일,8,1,3,차고지,T2,차고지,12:27,14:08,15:50,76,,,
203휴일,8,1,4,차고지,T2,차고지,16:20,18:02,19:44,76,,,
203휴일,8,1,5,차고지,T2,차고지,20:14,22:00,23:37,76,,red,
203휴일,8,2,1,차고지,T2,차고지,05:09,06:51,08:33,76,,,
203휴일,8,2,2,차고지,T2,차고지,09:03,10:45,12:27,76,,,yellow
203휴일,8,2,3,차고지,T2,차고지,12:57,14:39,16:21,76,,,
203휴일,8,2,4,차고지,T2,차고지,16:51,18:33,20:15,76,,,
203휴일,8,2,5,차고지,T2,차고지,20:45,22:40,24:20,76,,red,
203휴일,8,3,1,차고지,T2,차고지,05:38,07:20,09:02,76,,,
203휴일,8,3,2,차고지,T2,차고지,09:32,11:14,12:56,76,,,yellow
203휴일,8,3,3,차고지,T2,차고지,13:26,15:08,16:50,76,,,
203휴일,8,3,4,차고지,T2,차고지,17:20,19:02,20:45,76,,,
203휴일,8,3,5,차고지,T2,차고지,21:15,22:51,,38,,,
203휴일,8,4,1,차고지,T2,차고지,06:07,07:49,09:31,76,,,
203휴일,8,4,2,차고지,T2,차고지,10:01,11:43,13:25,76,,,yellow
203휴일,8,4,3,차고지,T2,차고지,13:55,15:37,17:19,76,,,
203휴일,8,4,4,차고지,T2,차고지,17:49,19:31,21:13,76,,,
203휴일,8,4,5,차고지,T2,차고지,21:43,23:19,,38,,,
203휴일,8,5,1,차고지,T2,차고지,06:36,08:18,10:01,76,,,
203휴일,8,5,2,차고지,T2,차고지,10:31,12:13,13:55,76,,,yellow
203휴일,8,5,3,차고지,T2,차고지,14:25,16:07,17:49,76,,,
203휴일,8,5,4,차고지,T2,차고지,18:19,20:01,21:43,76,,,
203휴일,8,5,5,차고지,T2,차고지,22:13,23:49,,38,,,
203휴일,8,6,1,차고지,T2,차고지,,05:20,06:50,38,,red,
203휴일,8,6,2,차고지,T2,차고지,07:05,08:46,10:26,76,,,
203휴일,8,6,3,차고지,T2,차고지,10:56,12:36,14:17,76,,,yellow
203휴일,8,6,4,차고지,T2,차고지,14:47,16:28,18:08,76,,,
203휴일,8,6,5,차고지,T2,차고지,18:38,20:19,22:00,76,,,
203휴일,8,6,6,차고지,T2,차고지,22:30,24:06,,38,red,,
203휴일,8,7,1,차고지,T2,차고지,,05:42,07:15,38,,,
203휴일,8,7,2,차고지,T2,차고지,07:35,09:16,10:57,76,,,
203휴일,8,7,3,차고지,T2,차고지,11:27,13:08,14:48,76,,,yellow
203휴일,8,7,4,차고지,T2,차고지,15:18,16:59,18:40,76,,,
203휴일,8,7,5,차고지,T2,차고지,19:10,20:52,22:33,76,,,
203휴일,8,8,1,서희스타옆문,T2,차고지,04:40,06:05,07:40,58,red,,
203휴일,8,8,2,차고지,T2,차고지,08:05,09:46,11:27,76,,,yellow
203휴일,8,8,3,차고지,T2,차고지,11:57,13:38,15:19,76,,,
203휴일,8,8,4,차고지,T2,차고지,15:49,17:30,19:12,76,,,
203휴일,8,8,5,차고지,T2,차고지,19:42,21:24,23:05,76,,,
204평일,3,1,1,영종아레나,입구지,영종아레나,04:50,06:30,08:10,90,red,,
204평일,3,1,2,영종아레나,입구지,영종아레나,08:40,10:20,12:00,90,,,yellow
204평일,3,1,3,영종아레나,입구지,영종아레나,13:00,14:40,16:20,90,,,
204평일,3,1,4,영종아레나,입구지,영종아레나,16:50,18:30,20:10,90,,,
204평일,3,1,5,영종아레나,입구지,영종아레나,20:40,22:20,23:55,90,,red,
204평일,3,2,1,영종아레나,입구지,영종아레나,05:55,07:35,09:15,90,,,
204평일,3,2,2,영종아레나,입구지,영종아레나,09:45,11:25,13:05,90,,,yellow
204평일,3,2,3,영종아레나,입구지,영종아레나,13:55,15:35,17:15,90,,,
204평일,3,2,4,영종아레나,입구지,영종아레나,17:45,19:25,21:05,90,,,
204평일,3,2,5,영종아레나,입구지,영종아레나,21:35,23:05,,45,red,,
204평일,3,3,1,영종아레나,입구지,영종아레나,,05:40,07:10,45,,red,
204평일,3,3,2,영종아레나,입구지,영종아레나,07:40,09:20,11:00,90,,,
204평일,3,3,3,영종아레나,입구지,영종아레나,11:30,13:10,14:50,90,,,yellow
204평일,3,3,4,영종아레나,입구지,영종아레나,15:50,17:30,19:10,90,,,
204평일,3,3,5,영종아레나,입구지,영종아레나,19:40,21:20,23:00,90,,,
221평일,8,1,1,차고지,T2,차고지,04:30,06:07,07:40,74,red,,
221평일,8,1,2,차고지,T2,차고지,08:10,09:47,11:20,74,,,yellow
221평일,8,1,3,차고지,T2,차고지,11:50,13:27,15:00,74,,,
221평일,8,1,4,차고지,T2,차고지,15:30,17:07,18:40,74,,,
221평일,8,1,5,차고지,T2,차고지,19:10,20:47,22:20,74,,,
221평일,8,2,1,차고지,T2,차고지,04:54,06:31,08:04,74,,,
221평일,8,2,2,차고지,T2,차고지,08:34,10:11,11:44,74,,,yellow
221평일,8,2,3,차고지,T2,차고지,12:14,13:51,15:24,74,,,
221평일,8,2,4,차고지,T2,차고지,15:54,17:31,19:04,74,,,
221평일,8,2,5,차고지,T2,차고지,19:34,21:11,22:44,74,,,
221평일,8,3,1,차고지,T2,차고지,05:20,06:57,08:30,74,,,
221평일,8,3,2,차고지,T2,차고지,09:00,10:37,12:10,74,,,yellow
221평일,8,3,3,차고지,T2,차고지,12:40,14:17,15:50,74,,,
221평일,8,3,4,차고지,T2,차고지,16:20,17:57,19:30,74,,,
221평일,8,3,5,차고지,T2,차고지,20:00,21:37,23:10,74,,,
221평일,8,4,1,차고지,T2,차고지,05:47,07:24,08:57,74,,,
221평일,8,4,2,차고지,T2,차고지,09:27,11:04,12:37,74,,,yellow
221평일,8,4,3,차고지,T2,차고지,13:07,14:44,16:17,74,,,
221평일,8,4,4,차고지,T2,차고지,16:47,18:24,19:57,74,,,
221평일,8,4,5,차고지,T2,차고지,20:27,22:04,23:37,74,,,
221평일,8,5,1,차고지,T2,차고지,06:14,07:51,09:24,74,,,
221평일,8,5,2,차고지,T2,차고지,09:54,11:31,13:04,74,,,yellow
221평일,8,5,3,차고지,T2,차고지,13:34,15:11,16:44,74,,,
221평일,8,5,4,차고지,T2,차고지,17:14,18:51,20:24,74,,,
221평일,8,5,5,차고지,T2,차고지,20:54,22:31,24:04,74,,,
221평일,8,6,1,차고지,T2,차고지,06:43,08:20,09:53,74,,,
221평일,8,6,2,차고지,T2,차고지,10:23,12:00,13:33,74,,,yellow
221평일,8,6,3,차고지,T2,차고지,14:03,15:40,17:13,74,,,
221평일,8,6,4,차고지,T2,차고지,17:43,19:20,20:53,74,,,
221평일,8,6,5,차고지,T2,차고지,21:23,23:00,24:30,74,,red,
221평일,8,7,1,차고지,T2,차고지,,05:20,06:55,37,,,
221평일,8,7,2,차고지,T2,차고지,07:12,08:49,10:22,74,,,
221평일,8,7,3,차고지,T2,차고지,10:52,12:29,14:02,74,,,yellow
221평일,8,7,4,차고지,T2,차고지,14:32,16:09,17:42,74,,,
221평일,8,7,5,차고지,T2,차고지,18:12,19:49,21:22,74,,,
221평일,8,7,6,차고지,T2,차고지,21:52,23:22,,37,,,
221평일,8,8,1,차고지,T2,차고지,,05:45,07:20,37,,,
221평일,8,8,2,차고지,T2,차고지,07:40,09:17,10:50,74,,,
221평일,8,8,3,차고지,T2,차고지,11:20,12:57,14:30,74,,,yellow
221평일,8,8,4,차고지,T2,차고지,15:00,16:37,18:10,74,,,
221평일,8,8,5,차고지,T2,차고지,18:40,20:17,21:50,74,,,
221평일,8,8,6,차고지,T2,차고지,22:20,23:50,,37,red,,
221휴일,6,1,1,차고지,T2,차고지,04:30,06:10,07:46,74,red,,
221휴일,6,1,2,차고지,T2,차고지,08:22,10:02,11:38,74,,,yellow
221휴일,6,1,3,차고지,T2,차고지,12:14,13:54,15:30,74,,,
221휴일,6,1,4,차고지,T2,차고지,16:06,17:46,19:22,74,,,
221휴일,6,1,5,차고지,T2,차고지,19:58,21:38,23:14,74,,,
221휴일,6,2,1,차고지,T2,차고지,05:08,06:48,08:24,74,,,
221휴일,6,2,2,차고지,T2,차고지,09:00,10:40,12:16,74,,,yellow
221휴일,6,2,3,차고지,T2,차고지,12:52,14:32,16:08,74,,,
221휴일,6,2,4,차고지,T2,차고지,16:44,18:24,20:00,74,,,
221휴일,6,2,5,차고지,T2,차고지,20:36,22:16,23:52,74,,,
221휴일,6,3,1,차고지,T2,차고지,05:46,07:26,09:02,74,,,
221휴일,6,3,2,차고지,T2,차고지,09:39,11:19,12:55,74,,,yellow
221휴일,6,3,3,차고지,T2,차고지,13:32,15:12,16:48,74,,,
221휴일,6,3,4,차고지,T2,차고지,17:25,19:05,20:41,74,,,
221휴일,6,3,5,차고지,T2,차고지,21:18,23:00,24:30,74,,red,
221휴일,6,4,1,차고지,T2,차고지,06:25,08:05,09:41,74,,,
221휴일,6,4,2,차고지,T2,차고지,10:17,11:57,13:33,74,,,yellow
221휴일,6,4,3,차고지,T2,차고지,14:09,15:49,17:25,74,,,
221휴일,6,4,4,차고지,T2,차고지,18:01,19:41,21:17,74,,,
221휴일,6,4,5,차고지,T2,차고지,21:49,23:24,,37,,,
221휴일,6,5,1,차고지,T2,차고지,,05:20,06:50,37,,red,
221휴일,6,5,2,차고지,T2,차고지,07:05,08:45,10:21,74,,,
221휴일,6,5,3,차고지,T2,차고지,10:54,12:34,14:14,74,,,yellow
221휴일,6,5,4,차고지,T2,차고지,14:43,16:23,17:59,74,,,
221휴일,6,5,5,차고지,T2,차고지,18:32,20:12,21:48,74,,,
221휴일,6,5,6,차고지,T2,차고지,22:20,23:50,,37,red,,
221휴일,6,6,1,차고지,T2,차고지,,05:45,07:20,37,,,
221휴일,6,6,2,차고지,T2,차고지,07:40,09:20,10:56,74,,,
221휴일,6,6,3,차고지,T2,차고지,11:32,13:12,14:48,74,,,yellow
221휴일,6,6,4,차고지,T2,차고지,15:24,17:04,18:40,74,,,
221휴일,6,6,5,차고지,T2,차고지,19:16,20:56,22:32,74,,,
221휴일,7,1,1,차고지,T2,차고지,04:30,06:10,07:46,74,red,,
221휴일,7,1,2,차고지,T2,차고지,08:18,09:58,11:34,74,,,yellow
221휴일,7,1,3,차고지,T2,차고지,12:06,13:46,15:22,74,,,
221휴일,7,1,4,차고지,T2,차고지,15:54,17:34,19:10,74,,,
221휴일,7,1,5,차고지,T2,차고지,19:42,21:22,22:58,74,,,
221휴일,7,2,1,차고지,T2,차고지,05:02,06:42,08:18,74,,,
221휴일,7,2,2,차고지,T2,차고지,08:50,10:30,12:06,74,,,yellow
221휴일,7,2,3,차고지,T2,차고지,12:38,14:18,15:54,74,,,
221휴일,7,2,4,차고지,T2,차고지,16:26,18:06,19:42,74,,,
221휴일,7,2,5,차고지,T2,차고지,20:14,21:54,23:30,74,,,
221휴일,7,3,1,차고지,T2,차고지,05:35,07:15,08:51,74,,,
221휴일,7,3,2,차고지,T2,차고지,09:23,11:03,12:39,74,,,yellow
221휴일,7,3,3,차고지,T2,차고지,13:11,14:51,16:27,74,,,
221휴일,7,3,4,차고지,T2,차고지,16:59,18:39,20:15,74,,,
221휴일,7,3,5,차고지,T2,차고지,20:47,22:27,24:03,74,,,
221휴일,7,4,1,차고지,T2,차고지,06:08,07:48,09:24,74,,,
221휴일,7,4,2,차고지,T2,차고지,09:56,11:10,13:12,74,,,yellow
221휴일,7,4,3,차고지,T2,차고지,13:44,15:24,17:00,74,,,
221휴일,7,4,4,차고지,T2,차고지,17:32,19:12,20:48,74,,,
221휴일,7,4,5,차고지,T2,차고지,21:20,23:00,24:30,74,,red,
221휴일,7,5,1,차고지,T2,차고지,06:38,08:18,09:54,74,,,
221휴일,7,5,2,차고지,T2,차고지,10:26,12:06,13:42,74,,,yellow
221휴일,7,5,3,차고지,T2,차고지,14:14,15:54,17:30,74,,,
221휴일,7,5,4,차고지,T2,차고지,18:02,19:42,21:18,74,,,
221휴일,7,5,5,차고지,T2,차고지,21:50,23:25,,37,,,
221휴일,7,6,1,차고지,T2,차고지,,05:20,06:53,37,,red,
221휴일,7,6,2,차고지,T2,차고지,07:08,08:48,10:24,74,,,
221휴일,7,6,3,차고지,T2,차고지,10:56,12:36,14:12,74,,,yellow
221휴일,7,6,4,차고지,T2,차고지,14:44,16:24,18:00,74,,,
221휴일,7,6,5,차고지,T2,차고지,18:32,20:12,21:48,74,,,
221휴일,7,6,6,차고지,T2,차고지,22:20,23:50,,37,red,,
221휴일,7,7,1,차고지,T2,차고지,,05:45,06:53,37,,,
221휴일,7,7,2,차고지,T2,차고지,07:43,09:23,10:59,74,,,
221휴일,7,7,3,차고지,T2,차고지,11:31,13:11,14:47,74,,,yellow
221휴일,7,7,4,차고지,T2,차고지,15:19,16:59,18:35,74,,,
221휴일,7,7,5,차고지,T2,차고지,19:07,20:47,22:23,74,,,
